"A","B","AtoB (bit/s)","BtoA (bit/s)"
"192.168.43.39:61488","192.168.43.10:3000",430.6889827365499,908.7537535741203
"192.168.43.39:60597","192.168.43.10:1883",946.2334914351604,277.3716264675931